-- ============================================
-- Personal Hub 综合测试数据
-- 时间范围：2026-06-13 ~ 2026-07-13
-- 用户 ID = 1（admin）
-- ============================================

SET NAMES utf8mb4;
SET FOREIGN_KEY_CHECKS = 0;

-- ============================================
-- 1. 笔记 (note_note + note_category_rel + 文件系统)
-- ============================================
INSERT INTO `note_note` (`id`, `user_id`, `title`, `md_path`, `is_favorite`, `delete_reason`, `created_at`, `updated_at`) VALUES
(1, 1, 'Spring Boot 3 新特性一览', 'notes/1/note.md', 1, NULL, '2026-06-15 09:30:00', '2026-06-20 14:22:00'),
(2, 1, 'Vue 3 Composition API 实战笔记', 'notes/2/note.md', 0, NULL, '2026-06-18 14:00:00', '2026-07-05 10:10:00'),
(3, 1, 'MySQL 索引优化总结', 'notes/3/note.md', 1, NULL, '2026-06-20 10:15:00', '2026-07-10 16:30:00'),
(4, 1, '周末爬山日记', 'notes/4/note.md', 0, NULL, '2026-06-22 20:00:00', '2026-06-22 20:00:00'),
(5, 1, 'Docker 容器化部署指南', 'notes/5/note.md', 0, NULL, '2026-06-25 08:45:00', '2026-07-01 11:20:00'),
(6, 1, '《深入理解 Java 虚拟机》读书笔记', 'notes/6/note.md', 1, NULL, '2026-06-28 19:30:00', '2026-07-12 22:00:00'),
(7, 1, 'RESTful API 设计最佳实践', 'notes/7/note.md', 0, NULL, '2026-07-01 11:00:00', '2026-07-08 09:15:00'),
(8, 1, '前端工程化：Vite + TypeScript 配置', 'notes/8/note.md', 0, NULL, '2026-07-03 16:20:00', '2026-07-09 17:40:00'),
(9, 1, 'Redis 缓存策略与实战', 'notes/9/note.md', 0, NULL, '2026-07-06 09:00:00', '2026-07-11 14:50:00'),
(10, 1, '个人知识管理体系搭建思考', 'notes/10/note.md', 0, NULL, '2026-07-10 21:00:00', '2026-07-13 08:30:00');

-- 笔记-分类关联
INSERT INTO `note_category_rel` (`note_id`, `category_id`) VALUES
(1, 1), (2, 1), (3, 1), (5, 1), (7, 1), (8, 1), (9, 1),
(4, 2),
(6, 3), (10, 3);

-- ============================================
-- 2. 日记 (diary_entry)
-- ============================================
INSERT INTO `diary_entry` (`id`, `user_id`, `date`, `title`, `content`, `mood`, `weather`, `location`, `created_at`) VALUES
(1, 1, '2026-06-14', '周末整理房间', '今天花了一整天收拾房间，扔了不少没用的东西，感觉清爽多了。下午看了会儿书，晚上做了顿饭。', 2, '晴', '家里', '2026-06-14 22:30:00'),
(2, 1, '2026-06-17', '项目进度会议', '上午开了项目进度会，V4 版本的方案基本确定下来了。下午写了一些技术方案文档。', 2, '多云', '公司', '2026-06-17 18:00:00'),
(3, 1, '2026-06-20', '学习 Spring Security', '研究了 Spring Security 6 的授权架构变化，资源服务器配置方式和以前不太一样了。', 1, '晴', '书房', '2026-06-20 23:00:00'),
(4, 1, '2026-06-23', '遇到一个棘手的 Bug', '线上发现了一个并发问题，排查了整整一天。最后发现是缓存更新顺序导致的。', 3, '阴', '公司', '2026-06-23 19:30:00'),
(5, 1, '2026-06-26', '和朋友聚餐', '晚上和几个老朋友吃了火锅，聊了聊近况。大家都挺忙的，但是见面还是很亲切。', 1, '雨', '火锅店', '2026-06-26 22:00:00'),
(6, 1, '2026-06-29', '读完一本书', '终于把《代码整洁之道》看完了，收获很大。打算下周开始整理读书笔记。', 2, '晴', '咖啡厅', '2026-06-29 20:15:00'),
(7, 1, '2026-07-02', '跑步五公里', '坚持跑步第三天，今天跑了五公里，配速比上周快了一点。继续加油！', 1, '晴', '公园', '2026-07-02 07:30:00'),
(8, 1, '2026-07-05', '写周报', '这周的工作重点是数据库索引优化，已经完成了初步的性能测试。下周开始做分页查询优化。', 2, '多云', '公司', '2026-07-05 17:45:00'),
(9, 1, '2026-07-09', '下雨天宅家', '外面下了一天的雨，刚好在家写代码。把 Personal Hub 的 V4 版本方案重新梳理了一遍。', 2, '雨', '家里', '2026-07-09 21:00:00'),
(10, 1, '2026-07-12', '准备下周计划', '整理下周的工作和学习计划。买了新书《系统设计面试》，准备开始看。', 1, '晴', '书房', '2026-07-12 22:30:00');

-- ============================================
-- 3. 待办任务 (todo_task)
-- ============================================
INSERT INTO `todo_task` (`id`, `user_id`, `title`, `content`, `is_done`, `priority`, `due_date`, `created_at`, `updated_at`) VALUES
(1, 1, '完成 V4 Dashboard 重构', '把首页改为单列内容流布局，统计卡移到下方', 1, 1, '2026-07-10', '2026-06-20 09:00:00', '2026-07-09 18:00:00'),
(2, 1, '数据库索引优化', '分析慢查询，添加必要索引', 1, 1, '2026-07-08', '2026-06-22 10:00:00', '2026-07-07 16:30:00'),
(3, 1, '阅读《系统设计面试》第一章', NULL, 0, 2, '2026-07-15', '2026-07-12 22:00:00', '2026-07-12 22:00:00'),
(4, 1, '提交代码审查', 'Review team member''s PR', 1, 2, '2026-07-05', '2026-06-28 14:00:00', '2026-07-05 11:00:00'),
(5, 1, '购买生日礼物', '本周六是朋友的生日，提前准备礼物', 0, 2, '2026-07-18', '2026-07-10 12:00:00', '2026-07-10 12:00:00'),
(6, 1, '更新项目文档', 'V4 版本设计文档需要同步更新', 0, 3, '2026-07-20', '2026-07-11 09:00:00', '2026-07-11 09:00:00'),
(7, 1, '健身计划制定', '找一套合适的居家健身方案', 0, 3, '2026-07-14', '2026-07-08 08:00:00', '2026-07-08 08:00:00'),
(8, 1, '清理回收站笔记', '回收站积攒了不少笔记，需要清理', 0, 2, '2026-07-16', '2026-07-06 15:00:00', '2026-07-06 15:00:00'),
(9, 1, '配置 CI/CD 流水线', '搭建 GitHub Actions 自动构建', 1, 1, '2026-06-30', '2026-06-15 11:00:00', '2026-06-29 17:00:00'),
(10, 1, '研究 WebSocket 方案', '调研实时通知的技术选型', 0, 2, '2026-07-25', '2026-07-13 09:00:00', '2026-07-13 09:00:00'),
(11, 1, '预约牙科检查', '半年一次的口腔检查该去了', 0, 2, '2026-07-19', '2026-07-09 10:00:00', '2026-07-09 10:00:00'),
(12, 1, '写周报', '本周工作总结与下周计划', 1, 2, '2026-07-05', '2026-07-04 17:00:00', '2026-07-05 18:00:00'),
(13, 1, '已超期的任务', '这个任务上周就该完成了', 0, 1, '2026-07-07', '2026-06-25 10:00:00', '2026-06-25 10:00:00'),
(14, 1, '今天截止的任务', null, 0, 2, '2026-07-13', '2026-07-10 14:00:00', '2026-07-10 14:00:00');

-- ============================================
-- 4. 学习计划 (study_plan)
-- ============================================
INSERT INTO `study_plan` (`id`, `user_id`, `name`, `goal`, `progress`, `start_date`, `end_date`, `status`, `created_at`) VALUES
(1, 1, 'Spring Boot 3 深入学习', '系统学习 Spring Boot 3 新特性，完成一个实战项目', 65, '2026-06-01', '2026-08-31', 1, '2026-06-01 09:00:00'),
(2, 1, '算法刷题 100 道', '每天一道 LeetCode 中等难度题目', 42, '2026-06-15', '2026-09-15', 1, '2026-06-15 08:00:00'),
(3, 1, '阅读《代码整洁之道》', '完成全书阅读并整理笔记', 100, '2026-05-20', '2026-06-28', 2, '2026-05-20 09:00:00'),
(4, 1, '英语口语提升计划', '每周三次英语口语练习', 10, '2026-07-01', '2026-09-30', 1, '2026-07-01 10:00:00');

-- ============================================
-- 5. 学习记录 (study_record)
-- ============================================
INSERT INTO `study_record` (`id`, `user_id`, `subject`, `date`, `duration`, `content`, `reflection`, `plan_id`, `created_at`) VALUES
(1, 1, 'Spring Boot 3 自动配置原理', '2026-06-14', 90, '研究了 Spring Boot 3 的自动配置机制，了解了 @Conditional 系列注解的用法。', '对自动配置的理解更深了，尤其是自定义 Starter 的流程。', 1, '2026-06-14 17:00:00'),
(2, 1, 'LeetCode 两数之和', '2026-06-15', 45, '做了 LeetCode 第1题 两数之和，用哈希表实现 O(n) 解法。', '基础题但是值得反复练习。', 2, '2026-06-15 12:00:00'),
(3, 1, 'Spring Security 6 架构', '2026-06-17', 120, '学习 Spring Security 6 的全新架构设计，了解 SecurityFilterChain 配置方式。', '和旧版差异很大，需要适应新的配置风格。', 1, '2026-06-17 21:00:00'),
(4, 1, 'LeetCode 链表反转', '2026-06-18', 60, '练习链表的迭代和递归两种反转方式。', '递归方式还是不太熟练，需要多加练习。', 2, '2026-06-18 13:00:00'),
(5, 1, 'MySQL 索引原理', '2026-06-20', 90, '学习 B+ 树索引结构，分析了聚簇索引和二级索引的区别。', '理解了为什么 InnoDB 选择 B+ 树而不是 B 树。', 1, '2026-06-20 16:00:00'),
(6, 1, '代码整洁之道 第7章', '2026-06-22', 60, '阅读代码整洁之道的错误处理章节，学习异常处理最佳实践。', '第三章关于函数设计的理念值得反复读。', 3, '2026-06-22 20:30:00'),
(7, 1, 'LeetCode 二叉树遍历', '2026-06-25', 75, '练习二叉树的前序、中序、后序遍历，用递归和非递归两种方式实现。', '非递归遍历需要借助栈，容易写错。', 2, '2026-06-25 11:00:00'),
(8, 1, 'Docker Compose 多容器部署', '2026-06-27', 90, '学习 Docker Compose 编排多个容器，搭建了一套 MySQL + Redis + 应用的开发环境。', 'Compose 文件写好后部署非常方便。', 1, '2026-06-27 18:00:00'),
(9, 1, '代码整洁之道 第10章', '2026-06-28', 45, '阅读关于类设计的章节，学习类的组织原则。', '类应该足够小，单一职责原则很重要。', 3, '2026-06-28 21:00:00'),
(10, 1, 'Redis 缓存穿透/击穿/雪崩', '2026-07-01', 100, '系统学习了缓存三大问题及其解决方案。', '布隆过滤器解决缓存穿透、互斥锁解决缓存击穿。', 1, '2026-07-01 15:00:00'),
(11, 1, 'LeetCode 动态规划入门', '2026-07-03', 90, '做了一些基础的 DP 题目，爬楼梯、打家劫舍等。', 'DP 的状态转移方程还是不容易想到。', 2, '2026-07-03 10:30:00'),
(12, 1, 'Kubernetes 基础概念', '2026-07-05', 120, '学习 K8s 的核心概念：Pod、Service、Deployment 等。', '概念很多，需要动手实践才能加深理解。', 1, '2026-07-05 16:00:00'),
(13, 1, '英语口语练习 - 自我介绍', '2026-07-08', 30, '练习英语自我介绍，录制视频回看纠正发音。', '还是有些紧张，需要更多练习。', 4, '2026-07-08 20:00:00'),
(14, 1, 'LeetCode 滑动窗口', '2026-07-10', 75, '做了几道滑动窗口相关的题目，无重复字符的最长子串等。', '滑动窗口框架很实用，需要熟练掌握。', 2, '2026-07-10 14:00:00'),
(15, 1, 'GraphQL 入门', '2026-07-12', 60, '学习 GraphQL 的基本概念和查询语法，对比 RESTful API 的差异。', 'GraphQL 在复杂查询场景下优势明显。', 1, '2026-07-12 11:00:00');

-- ============================================
-- 6. 阅读记录 (reading_record)
-- ============================================
INSERT INTO `reading_record` (`id`, `user_id`, `book_title`, `author`, `cover_url`, `total_chapters`, `current_chapter`, `progress`, `status`, `rating`, `total_duration`, `start_date`, `end_date`, `created_at`) VALUES
(1, 1, '深入理解 Java 虚拟机', '周志明', 'https://covers.openlibrary.org/b/id/12618420-L.jpg', 13, 13, 100, 2, 5, 1200, '2026-04-01', '2026-06-15', '2026-06-15 10:00:00'),
(2, 1, '代码整洁之道', 'Robert C. Martin', 'https://covers.openlibrary.org/b/id/12627153-L.jpg', 17, 17, 100, 2, 4, 900, '2026-05-20', '2026-06-28', '2026-06-28 20:00:00'),
(3, 1, 'Spring Boot 实战', 'Craig Walls', 'https://covers.openlibrary.org/b/id/12626199-L.jpg', 12, 8, 65, 1, NULL, 480, '2026-06-10', NULL, '2026-06-10 09:00:00'),
(4, 1, '系统设计面试', 'Alex Xu', 'https://covers.openlibrary.org/b/id/12623593-L.jpg', 20, 0, 0, 0, NULL, 0, NULL, NULL, '2026-07-12 22:00:00'),
(5, 1, 'JavaScript 高级程序设计', 'Nicholas C. Zakas', 'https://covers.openlibrary.org/b/id/12620556-L.jpg', 28, 14, 50, 1, NULL, 360, '2026-06-01', NULL, '2026-06-01 08:00:00'),
(6, 1, 'Redis 设计与实现', '黄健宏', 'https://covers.openlibrary.org/b/id/12618597-L.jpg', 10, 10, 100, 2, 5, 780, '2026-05-10', '2026-06-20', '2026-06-20 15:00:00'),
(7, 1, '数据库系统概论', '王珊', 'https://covers.openlibrary.org/b/id/12621898-L.jpg', 16, 6, 35, 1, NULL, 240, '2026-06-25', NULL, '2026-06-25 09:00:00'),
(8, 1, 'Docker 从入门到实践', 'GitHub 开源', 'https://covers.openlibrary.org/b/id/12618875-L.jpg', 15, 11, 72, 1, 4, 340, '2026-07-01', NULL, '2026-07-01 14:00:00');

-- ============================================
-- 7. 收藏 (bookmark_url)
-- ============================================
INSERT INTO `bookmark_url` (`id`, `user_id`, `title`, `url`, `description`, `favicon`, `category_id`, `created_at`) VALUES
(1, 1, 'Spring 官方文档', 'https://spring.io/docs', 'Spring 框架官方文档，权威参考', NULL, 4, '2026-06-15 10:00:00'),
(2, 1, 'Vue.js 中文文档', 'https://vuejs.org/guide/introduction.html', 'Vue 3 官方中文文档', NULL, 4, '2026-06-18 14:00:00'),
(3, 1, 'MDN Web 文档', 'https://developer.mozilla.org/zh-CN/', 'Web 技术综合参考文档', NULL, 5, '2026-06-20 16:00:00'),
(4, 1, 'LeetCode 中文站', 'https://leetcode.cn/', '算法刷题平台', NULL, 5, '2026-06-22 10:00:00'),
(5, 1, 'GitHub', 'https://github.com', '全球最大代码托管平台', NULL, 6, '2026-06-25 09:00:00'),
(6, 1, 'Stack Overflow', 'https://stackoverflow.com/', '开发者问答社区', NULL, 6, '2026-06-28 20:00:00'),
(7, 1, '阮一峰的网络日志', 'https://www.ruanyifeng.com/blog/', '科技爱好者周刊，每周更新', NULL, 5, '2026-07-01 08:00:00'),
(8, 1, 'InfoQ 中文站', 'https://www.infoq.cn/', '技术资讯与深度文章', NULL, 5, '2026-07-03 12:00:00'),
(9, 1, 'Docker Hub', 'https://hub.docker.com/', 'Docker 镜像仓库', NULL, 4, '2026-07-06 15:00:00'),
(10, 1, '阿里巴巴 Java 开发手册', 'https://github.com/alibaba/p3c', '阿里巴巴 Java 编码规范', NULL, 4, '2026-07-10 21:00:00');

-- ============================================
-- 8. 文件 (file_resource) + 物理文件
-- ============================================
INSERT INTO `file_resource` (`id`, `user_id`, `name`, `stored_name`, `path`, `size`, `type`, `mime_type`, `category_id`, `source`, `created_at`) VALUES
(1, 1, '项目架构图.png', 'arch-v4.png', 'uploads/img/202607/arch-v4.png', 245760, 'png', 'image/png', 8, 'upload', '2026-07-01 14:00:00'),
(2, 1, 'V4 设计文档.pdf', 'v4-design.pdf', 'uploads/doc/202607/v4-design.pdf', 512000, 'pdf', 'application/pdf', 7, 'upload', '2026-07-05 10:30:00'),
(3, 1, '数据库ER图.png', 'db-er.png', 'uploads/img/202607/db-er.png', 180224, 'png', 'image/png', 8, 'upload', '2026-07-08 16:00:00'),
(4, 1, 'API 接口文档.docx', 'api-doc.docx', 'uploads/doc/202607/api-doc.docx', 102400, 'docx', 'application/vnd.openxmlformats-officedocument.wordprocessingml.document', 7, 'upload', '2026-07-10 09:00:00'),
(5, 1, '性能测试报告.xlsx', 'perf-report.xlsx', 'uploads/doc/202607/perf-report.xlsx', 65536, 'xlsx', 'application/vnd.openxmlformats-officedocument.spreadsheetml.sheet', 7, 'upload', '2026-07-12 17:30:00');

-- ============================================
-- 9. 标签关联 (tag_rel)
-- ============================================
INSERT INTO `tag_rel` (`tag_id`, `entity_type`, `entity_id`, `created_at`) VALUES
-- 笔记标签
(1, 'note', 1, '2026-06-15 09:30:00'),
(2, 'note', 1, '2026-06-15 09:30:00'),
(3, 'note', 2, '2026-06-18 14:00:00'),
(4, 'note', 3, '2026-06-20 10:15:00'),
(5, 'note', 5, '2026-06-25 08:45:00'),
(1, 'note', 6, '2026-06-28 19:30:00'),
(7, 'note', 7, '2026-07-01 11:00:00'),
(3, 'note', 8, '2026-07-03 16:20:00'),
(4, 'note', 9, '2026-07-06 09:00:00'),
(7, 'note', 10, '2026-07-10 21:00:00'),
-- 日记标签
(8, 'diary', 1, '2026-06-14 22:30:00'),
(8, 'diary', 5, '2026-06-26 22:00:00'),
(8, 'diary', 7, '2026-07-02 07:30:00'),
-- 阅读标签
(6, 'reading', 1, '2026-06-15 10:00:00'),
(6, 'reading', 2, '2026-06-28 20:00:00'),
(4, 'reading', 7, '2026-06-25 09:00:00'),
-- 学习记录
(2, 'study', 1, '2026-06-14 17:00:00'),
(2, 'study', 3, '2026-06-17 21:00:00'),
(4, 'study', 5, '2026-06-20 16:00:00'),
(4, 'study', 10, '2026-07-01 15:00:00');

-- ============================================
-- 10. 通知 (sys_notification)
-- ============================================
INSERT INTO `sys_notification` (`id`, `user_id`, `type`, `title`, `content`, `is_read`, `created_at`) VALUES
(1, 1, 'system', '系统更新', 'Personal Hub 已更新至 V4 版本，欢迎体验新功能', 1, '2026-07-10 08:00:00'),
(2, 1, 'reminder', '任务即将截止', '任务"提交代码审查"将于明天截止', 1, '2026-07-04 09:00:00'),
(3, 1, 'reminder', '任务已超期', '任务"已超期的任务"已超过截止日期', 0, '2026-07-08 00:00:00'),
(4, 1, 'note', '笔记更新提醒', '笔记"Redis 缓存策略与实战"有更新', 0, '2026-07-11 14:50:00'),
(5, 1, 'system', '欢迎使用 Personal Hub', '感谢使用 Personal Hub 知识管理系统', 1, '2026-06-13 10:00:00');

-- ============================================
-- 11. 审计日志 (audit_log)
-- ============================================
INSERT INTO `audit_log` (`id`, `module`, `business_id`, `action`, `content`, `operator_id`, `created_at`) VALUES
(1, 'NOTE', 1, 'CREATE', '创建笔记：Spring Boot 3 新特性一览', 1, '2026-06-15 09:30:00'),
(2, 'TODO', 1, 'CREATE', '创建任务：完成 V4 Dashboard 重构', 1, '2026-06-20 09:00:00'),
(3, 'DIARY', 1, 'CREATE', '写日记：周末整理房间', 1, '2026-06-14 22:30:00'),
(4, 'READING', 1, 'CREATE', '添加阅读记录：深入理解 Java 虚拟机', 1, '2026-06-15 10:00:00'),
(5, 'TODO', 1, 'UPDATE', '完成任务：完成 V4 Dashboard 重构', 1, '2026-07-09 18:00:00'),
(6, 'STUDY', 1, 'CREATE', '添加学习记录：Spring Boot 3 自动配置原理', 1, '2026-06-14 17:00:00'),
(7, 'NOTE', 6, 'UPDATE', '更新笔记：修改读书笔记内容', 1, '2026-06-28 19:30:00'),
(8, 'FILE', 1, 'CREATE', '上传文件：项目架构图.png', 1, '2026-07-01 14:00:00'),
(9, 'BOOKMARK', 1, 'CREATE', '添加收藏：Spring 官方文档', 1, '2026-06-15 10:00:00'),
(10, 'PLAN', 1, 'CREATE', '创建学习计划：Spring Boot 3 深入学习', 1, '2026-06-01 09:00:00'),
(11, 'USER', 1, 'LOGIN', '用户登录', 1, '2026-07-13 08:00:00'),
(12, 'NOTE', 3, 'CREATE', '创建笔记：MySQL 索引优化总结', 1, '2026-06-20 10:15:00'),
(13, 'TODO', 9, 'CREATE', '创建任务：配置 CI/CD 流水线', 1, '2026-06-15 11:00:00'),
(14, 'TODO', 9, 'UPDATE', '完成任务：配置 CI/CD 流水线', 1, '2026-06-29 17:00:00'),
(15, 'NOTE', 10, 'CREATE', '创建笔记：个人知识管理体系搭建思考', 1, '2026-07-10 21:00:00');

SET FOREIGN_KEY_CHECKS = 1;
